
INSERT INTO `actividad_segura`.`categorias` (`id`, `categoria`,`estado`) VALUES ('1', 'Anti Caidas','activo');
INSERT INTO `actividad_segura`.`categorias` (`id`, `categoria`,`estado`) VALUES ('2', 'Cascos y Accesorios','activo');
INSERT INTO `actividad_segura`.`categorias` (`id`, `categoria`,`estado`) VALUES ('3', 'Senalitica','activo');
INSERT INTO `actividad_segura`.`categorias` (`id`, `categoria`,`estado`) VALUES ('4', 'Guantes y Mangas','activo');
INSERT INTO `actividad_segura`.`categorias` (`id`, `categoria`,`estado`) VALUES ('5', 'Proteccion en Pies','activo');
INSERT INTO `actividad_segura`.`categorias` (`id`, `categoria`,`estado`) VALUES ('6', 'Proteccion en Torso','activo');


INSERT INTO `actividad_segura`.`productos` (`id`,`estado`,`nombre`, `precio`, `descripcion`, `categoria`) VALUES ('20001','activo','BOTA TENIS NEG SUELA PU-TPU POLIAMIDA ', '918.89', '\"Casco: Poliamida.\nPlantilla: PU.\nBullon: Textil.\nSistema de Fabricación: Inyección Directa al corte.\nSuela Fotoluminiscente: Inyectada doble densidad PU/TPU.\nDieléctrico: Resiste 14,000 Voltios.\nForros: Antimicóticos, lo que lo hace fresco.\nSoporte: En el talón para mayor estabilidad de TPU.\nPresentación: Tenis de seguridad con reflejante y colores de alta visibilidad\nTallas: 25 al 29 (solo puntos enteros).\nHecho en México. NOM - 113 - STPS - 2009.\"', '5');
INSERT INTO `actividad_segura`.`productos` (`id`,`estado`,`nombre`, `precio`, `descripcion`, `categoria`) VALUES ('20002','activo','GUANTE DE RAYON ALUMINIZADO HILO DE KEVLAR  PARA ALTAS TEMPERATURAS', '1093.00', 'GUANTE DE RAYON ALUMINIZADO  HILO DE KEVLAR PARA ALTAS TEMPERATURAS.', '4');
INSERT INTO `actividad_segura`.`productos` (`id`,`estado`,`nombre`, `precio`, `descripcion`, `categoria`) VALUES ('20003','activo','Puntera plastica para calzado. Unitalla', '783.00', '\"Protector de Pies, Genero Unisex, Talla Universal, Material Plastico, Color Verde, Peso de la Unidad\n3 onzas, clasificación de impacto 30 libras, dimensiones 5-1/2 pulgadas de largo x 6 pulgadas de ancho x 4-1/2 pulgadas de alto, 1 par\"', '5');
INSERT INTO `actividad_segura`.`productos` (`id`,`estado`,`nombre`, `precio`, `descripcion`, `categoria`) VALUES ('20004','activo','GEL CON DOSIFICADOR DE 1/2 LITRO', '30.00', '\"GEL CON DOSIFICADOR DE 1/2 LITRO\nPRODUCTO DE OFERTA PARA RECUPERACION\"', '2');
INSERT INTO `actividad_segura`.`productos` (`id`,`estado`,`nombre`, `precio`, `descripcion`, `categoria`) VALUES ('20005','activo','CUBRE BOCAS DESECHABLE DOS CAPAPAS PAQUETE CON 10 PIEZAS', '10.00', 'CUBE BOCAS DESECHABLE DOS CAPAS PAQUETE CON 10 PIEZAS', '2');
INSERT INTO `actividad_segura`.`productos` (`id`,`estado`,`nombre`, `precio`, `descripcion`, `categoria`) VALUES ('20006','activo','RODILLERA ARTICULADA PROTECTORA RAPTOR', '539.40', 'RODILLERA ARTICULADA PROTECTORA RAPTOR', '5');
INSERT INTO `actividad_segura`.`productos` (`id`,`estado`,`nombre`, `precio`, `descripcion`, `categoria`) VALUES ('20007','activo','Cubrebocas medico paq. 20 pza', '48.00', 'Paquete Lica de 20 cubrebocas de uso medico', '2');
INSERT INTO `actividad_segura`.`productos` (`id`,`estado`,`nombre`, `precio`, `descripcion`, `categoria`) VALUES ('20009','activo','OVEROL COLOR AZUL CON REFLEJANTE. LICA', '845.00', '\"OVEROL COLOR AZUL CON REFLEJANTE TALLA XL y XXL\nCÓDIGO  OVE100RA    LICA\"', '6');
INSERT INTO `actividad_segura`.`productos` (`id`,`estado`,`nombre`, `precio`, `descripcion`, `categoria`) VALUES ('20010','activo','OVEROL COLOR AZUL CON REFLEJANTE. LICA', '732.01', '\"OVEROL COLOR AZUL CON REFLEJANTE TALLA CH. MED. Y GDE. LICA\nOVE100RA\"', '6');
INSERT INTO `actividad_segura`.`productos` (`id`,`estado`,`nombre`, `precio`, `descripcion`, `categoria`) VALUES ('20011','activo','LENTE DE SEGURIDAD DE POLIC. TIPO SARGENTO (LL04C)', '26.30', '\"LENTE DE SEGURIDAD DE POLICARBONATO TIPO SARGENTO\nCODIGO LL04C\"', '2');
INSERT INTO `actividad_segura`.`productos` (`id`,`estado`,`nombre`, `precio`, `descripcion`, `categoria`) VALUES ('20012','activo','GUANTE NYLON CON RECU. DE NITRILO ESPUMA (GLNSPANDEX9)', '56.27', '\"GUANTE DE NYLON CON RECUBRIMIENTO  DE NITRILO ESPUMA T9\nCODIGO GLNSPANDEX9\"', '4');
INSERT INTO `actividad_segura`.`productos` (`id`,`estado`,`nombre`, `precio`, `descripcion`, `categoria`) VALUES ('20013','activo','CAPUCHA DE MEZCLILLA PARA SOLDADOR (CAPUCHA)', '45.40', 'Capucha para soldador de Mezclilla. Ajuste de Velcro. La capucha protege la cabeza del trabajador de las chispas y rebabas generadas al momento de soldar, evitando así quemaduras, tanto en la cabeza como en el cuello. Al ser de mezclilla, no es inflamable con las chispas y rebabas e impide el paso de las mismas.', '2');
INSERT INTO `actividad_segura`.`productos` (`id`,`estado`,`nombre`, `precio`, `descripcion`, `categoria`) VALUES ('20014','activo','CARETA PARA SOLDAR TERMOPLASTICA (CST)', '238.96', '\"Fabricada en material termo-plástico\nVentana de 50 mm x 108 mm.\nCuerpo sumamente amplio para proveer al usuario una mejor ventilación.\nLigera y confortable.\nRecomendada para trabajo ligero.\nResistente a lo impactos y rebabas de soldadura.\nCuenta con matraca y almohadilla frontal. No incluye cristal.\"', '2');
INSERT INTO `actividad_segura`.`productos` (`id`,`estado`,`nombre`, `precio`, `descripcion`, `categoria`) VALUES ('20015','activo','CRISTAL CLARO PARA CARETA DE SOLDAR (CRISTAL CLARO)', '14.50', '\"Cristal claro.\nMica intercambiable de policarbonato o cristales, para gogles o caretas para soldar.\nImpide el paso de sustancias y residuos dañinos al trabajador. 10.8 cm x 5 cm.\"', '2');
INSERT INTO `actividad_segura`.`productos` (`id`,`estado`,`nombre`, `precio`, `descripcion`, `categoria`) VALUES ('20016','activo','CRISTAL SOMBRA 12 PARA CARETA (CRISTAL OBSCURO)', '16.50', '\"Mica intercambiable de policarbonato o cristales, para gogles o caretas para soldar.\nImpide el paso de sustancias y residuos dañinos al trabajador. 10.8 cm x 5 cm.\nPor su pelicula obscura protege los ojos de altas exposiciones luminosas que podrian ser dañinas para los mismos. 10.8 cm x 5 cm.\"', '2');
INSERT INTO `actividad_segura`.`productos` (`id`,`estado`,`nombre`, `precio`, `descripcion`, `categoria`) VALUES ('20017','activo','MANGA DE CARNAZA', '89.32', '\"Mangas de carnaza de res curtida al cromo doble engrase.\nSe utiliza para proteger al soldador de las chispas y el calor que genera al acto de soldar.\nCODIGO MAN\"', '4');
INSERT INTO `actividad_segura`.`productos` (`id`,`estado`,`nombre`, `precio`, `descripcion`, `categoria`) VALUES ('20018','activo','RESPIRADOR DESECHABLE PARA HUMO Y VAPORES', '75.40', '\"RESPIRADORES DESECHABLES MARCA 3M PARA HUMO Y VAPORES DE SOLDADURA\nCODIGO R3M8515\nPROV. CONFIANZA\"', '2');
INSERT INTO `actividad_segura`.`productos` (`id`,`estado`,`nombre`, `precio`, `descripcion`, `categoria`) VALUES ('20019','activo','CASCO DE INTERVALO ', '91.00', '\"Casco Thermoplastico con ajuste de intervalos.\nCaracterísticas:\nCumple con certificación ANSI Z89.1-2003.\nCumple con la norma NOM-115- STPS-1994.\nCasco de seguridad tipo cachucha clase “E”.\"', '2');
INSERT INTO `actividad_segura`.`productos` (`id`,`estado`,`nombre`, `precio`, `descripcion`, `categoria`) VALUES ('20024','activo','CASCO DE MATRACA ', '135.00', '\"Cumple con certificación ANSI Z89.1-2003.\nCumple con la norma NOM-115- STPS-1994.\nCasco de seguridad tipo cachucha clase “E”.\nRefuerzo adicional en la parte superior central del casco para\nsoportar impactos de hasta 150 kgs.\"', '2');
INSERT INTO `actividad_segura`.`productos` (`id`,`estado`,`nombre`, `precio`, `descripcion`, `categoria`) VALUES ('20027','activo','\"CASCO DE INTERVALO ALA ANCHA COLOR BLANCO  Y/O\n   AMARILLO     (CALAB)\"', '120.64', '\"Casco de ala completa o ancha.\nConsiste en una estructura de polietileno, (concha) y un sistema de suspensión que juntos crean un sistema de protección.\nCumplen y exceden los requisitos aplicables para un casco Tipo I (impacto superior,\nestablecidos por la normatividad mexicana.\"', '2');
INSERT INTO `actividad_segura`.`productos` (`id`,`estado`,`nombre`, `precio`, `descripcion`, `categoria`) VALUES ('20028','activo','NUQUERA DE MALLA PARA CASCO (NQ-001)', '37.50', 'Nuquera de malla, la cual se fija al casco de proteccion para ayudar a soportar el dano provocado por los rayos UV del sol.', '2');
INSERT INTO `actividad_segura`.`productos` (`id`,`estado`,`nombre`, `precio`, `descripcion`, `categoria`) VALUES ('20029','activo','PANTALON DE MEZCLILLA DENIM T 34 (PANT-DENIM-34)', '345.01', '\"PANTALON DE MEZCLILLA DEMIN TALLA 34\nCLAVE PANT-DENIM-34\"', '6');
INSERT INTO `actividad_segura`.`productos` (`id`,`estado`,`nombre`, `precio`, `descripcion`, `categoria`) VALUES ('20030','activo','BOTIQUIN GRANDE BLANCO 26X33X11', '649.60', '\"Caja para botiquín chico y grande. NO INCLUYEN MEDICAMENTOS.\nBotiquín de metal. Color Blanco.Con 3 divisiones. Agarradera. Con chapa para candado.\nSistema de fijación a la pared.\nMedidas: 33 cm de alto por 26 cm de ancho por 11 cm de profundidad.\"', '2');
INSERT INTO `actividad_segura`.`productos` (`id`,`estado`,`nombre`, `precio`, `descripcion`, `categoria`) VALUES ('20032','activo','BARBIQUEJO CON BARBILLA (BARB-001)', '15.00', '\"BARBIQUEJO CON BARBILLA MARCA LICA\nACCESORIO PARA CASCO\"', '2');
INSERT INTO `actividad_segura`.`productos` (`id`,`estado`,`nombre`, `precio`, `descripcion`, `categoria`) VALUES ('20033','activo','GUANTE JAPONES CON PUNTOS DE PVC (GLPVC9)', '13.35', '\"GUANTE JAPONES CON PUNTOS PVC TALLA 9 MARCA LICA\nCLAVE GLPVC9\"', '4');
INSERT INTO `actividad_segura`.`productos` (`id`,`estado`,`nombre`, `precio`, `descripcion`, `categoria`) VALUES ('20034','activo','GUANTE JAPONES DE ALGODON AMBID -9 (GLJP9)', '11.00', '\"GUANTES DE ALGODON JAPONES AMBIDIESTRO 9\nMODELO GLJP9\"', '4');
INSERT INTO `actividad_segura`.`productos` (`id`,`estado`,`nombre`, `precio`, `descripcion`, `categoria`) VALUES ('20036','activo','CONO DESECHABLE PARA BEBER AGUA MED. 108 PAQ. 250 PZAS.', '85.84', '\"CONO DESECHABLE PARA BEBER AGUA MEDIANO 108\nVASO CONICO # 106 PAQUETE CON 250 PIEZAS PRIMO\"', '2');
INSERT INTO `actividad_segura`.`productos` (`id`,`estado`,`nombre`, `precio`, `descripcion`, `categoria`) VALUES ('20037','activo','JABON LIQUIDO NEUTRO 1 LITRO', '64.99', '\"JABON LIQUIDO NEUTRO\nPRESENTACION 1 LITRO\"', '2');
INSERT INTO `actividad_segura`.`productos` (`id`,`estado`,`nombre`, `precio`, `descripcion`, `categoria`) VALUES ('20038','activo','BOTA LICA CAFÉ ACERO S. ACRILO F TEXTIL TALLA 22 (135AC)', '620.60', '\"Sistema de Fabricación: Stitcher. CODIGO LICA 135AC\nCorte: Piel flor entera.\nEspesor 1.8 - 2.0 mm. Suela: Hule SBR con acrilo nitrilo.\nPresentación: Borceguí de 6\"\".\nColor: Cafe.\nCODIGO LICA 135AC\nRecio Horma: EEE.\nCasco: Acero.\nTallas: 22 al 32 con medios puntos.\nPlantilla: Anatómica alta resistencia a la fricción, con tratamiento anti bacteriano.\nHecho en México NOM - 113 - STPS - 2009\"', '5');
INSERT INTO `actividad_segura`.`productos` (`id`,`estado`,`nombre`, `precio`, `descripcion`, `categoria`) VALUES ('20046','activo','MANGA KEVLAR, PROTECCIÓN CONTRA CORTES Y RASPADURAS, COLOR AMARILLO UNA PIEZA', '180.01', '\"Protección contra cortes y\nraspaduras, las mangas elaboradas con Kevlar® intensifican\nla protección. Todas nuestras mangas 100% Dupont™\nKevlar® están elaboradas con aramida Certificada por\nDuPont™. Esta aramida cuenta con propiedad térmica,\ndiseñado para el trabajo con calor. SX9378T es una manga de 18 pulgadas con orificio para el pulgar. ANSI Calor de\ncontacto Nivel 2 (284 ºF o 140 ºC). PIEZA\nMANKEV-IMP\"', '4');
INSERT INTO `actividad_segura`.`productos` (`id`,`estado`,`nombre`, `precio`, `descripcion`, `categoria`) VALUES ('20048','activo','GUANTE LICA NAYLON  RECUB. NITRILO EN PALMA T9 (GLNN9)', '23.78', '\"GUANTE LICA DE NAYLON CON RECUBRIMIENTO DE NITRILO EN LA PALMA TALLA 9\nCLAVE GLNN9\"', '4');
INSERT INTO `actividad_segura`.`productos` (`id`,`estado`,`nombre`, `precio`, `descripcion`, `categoria`) VALUES ('20049','activo','BOTA PETROLERA  CAFE ROPER INY DIRECT (LICA 790)', '1033.72', '\"Sistema de Fabricación: Inyección directa al corte.\nCorte: Piel pulida. TALLA 25\nEspesor 1.8 - 2.0 mm\nSuela: Inyectada doble densidad. PU/TPU\nPresentación: Bota de 8î\nCODIGO LICA 790\nColor: Cafe\nRecio Horma: EEE\nCasco: Poliamida\nTallas: 25 al 30 (solo números enteros)\nPlantilla: Anatómica y Ergonómica\nForro: Textil térmico cambrell nylon de alta resistencia a la fricción.\nHecho en México NOM - 113 - STPS - 2009\"', '5');
INSERT INTO `actividad_segura`.`productos` (`id`,`estado`,`nombre`, `precio`, `descripcion`, `categoria`) VALUES ('20050','activo','Pantalón Cargo Premium', '579.00', '\"Composición: 80% Poliéster, 20% algodón\nColor: Negro\nTallas: 30-42\nDiseño italiano hecho con materiales que evitan el desgate, logrando brindar comodidad y resistencia a la vez.\nAjuste elástico lateral para mayor confort y tela de refuerzo en rodillas para uso de rodilleras.\nCuenta con etiqueta de seguridad al interior para señalar datos importantes del usuario y contacto en caso de emergencia.\nHecho en China.\"', '6');
INSERT INTO `actividad_segura`.`productos` (`id`,`estado`,`nombre`, `precio`, `descripcion`, `categoria`) VALUES ('20057','activo','BOTA TACTICA SIN CASCO INYDIRECT. S.PU-TPU (610 PLUS)', '904.80', '\"BOTA TACTICA COLOR NEGRO SIN CASCO\nSUELA INYECTADA DOBLE DENCIDAD PU-TPU\nSISTEMA DE FABRICACION INYECCION DIRECTA AL CORTE\nCODIGO LICA 610PLUS\"', '5');
INSERT INTO `actividad_segura`.`productos` (`id`,`estado`,`nombre`, `precio`, `descripcion`, `categoria`) VALUES ('20061','activo','Guantes de seguridad eléctrico', '3328.00', '\"Los guantes de seguridad eléctricos híbridos son los artículos más importantes del equipo de protección personal cuando se trabaja en vehículos de alta tensión\nSon la primera línea de defensa para el contacto con cualquier componente energizado\nGuante grande con protector exterior de piel\"', '4');
INSERT INTO `actividad_segura`.`productos` (`id`,`estado`,`nombre`, `precio`, `descripcion`, `categoria`) VALUES ('20062','activo','AMORTIGUADOR LICA CON DOBLE BANDA DE NYLON (B2-ARN-L)', '922.20', '\"AMORTIGUADOR LICA CON DOBLE BANDA DE NAYLON\nCLAVE B2-ARN-L\nAmortiguador de impacto de banda plana con doble brazo estándar marca LICA.\nLos Amortiguadores de Impacto forman parte integral de un sistema básico para detención de caídas.\"', '1');
INSERT INTO `actividad_segura`.`productos` (`id`,`estado`,`nombre`, `precio`, `descripcion`, `categoria`) VALUES ('20064','activo','LENTE TIPO SARGENTO MICA CLARA', '24.66', '\"Lentes de seguridad de ceja negra.\n- Mica fabricada en 100% policarbonato.\n- Armazón fabricado en nylon resistente.\n- Mica anti-impacto y ralladuras.\n- Producto flexible y ajustable.\nCODIGO LL01C\n- Tipo de mica: Clara\n- Certificación ANSI Z.87.1.2003.\"', '2');
INSERT INTO `actividad_segura`.`productos` (`id`,`estado`,`nombre`, `precio`, `descripcion`, `categoria`) VALUES ('20066','activo','BOTA LICA CAFE DAMA SUELA PU C. POLIAMIDA TALLA 23 (767PLUS)', '684.40', '\"BOTA LICA CAFE CON DETALLES EN ROSA DAMA TALLA 23\nSUELA INYECTADA DOBLE DENCIDAD PU-TPU\nCASCO DE POLIAMIDA\nSISTEMA DE FABRICACION INYECCION DIRECTA AL CORTE\nCODIGO LICA 767PLUS\"', '5');
INSERT INTO `actividad_segura`.`productos` (`id`,`estado`,`nombre`, `precio`, `descripcion`, `categoria`) VALUES ('20067','activo','BOTA ANTIESTATICA CON CASCO DE POLIAMIDA DE PIEL COLOR NEGRO (107 ANT.) TALLA 4', '783.00', 'BOTA ANTIESTATICA CON CASCO DE POLIAMIDA DE PIEL COLOR NEGRO (107 ANT.) TALLA 4', '5');
INSERT INTO `actividad_segura`.`productos` (`id`,`estado`,`nombre`, `precio`, `descripcion`, `categoria`) VALUES ('20077','activo','BOTA LICA CAOBA POLIAMIDA INYDIRECT. PU TALLA 25 (5002PLUS)', '844.48', '\"Color: Café. CODIGO 5002PLUS\nPlantilla: PU conformado.\nCasco: Poliamida.\nCorte: Piel rodeo.\nRecio Horma: EEE.\nPresentación: Borcegui de 6”.\nSuela: Inyectada doble densidad PU/TPU.\nSistema Fabricación: Inyección Directa al corte.\nTallas: 25-30 (sólo puntos enteros)\nCaja máster: 18 pares.\nHecho en México NOM - 113 - STPS - 2009\"', '5');
INSERT INTO `actividad_segura`.`productos` (`id`,`estado`,`nombre`, `precio`, `descripcion`, `categoria`) VALUES ('20080','activo','GUANTE DE PIEL ELECTRICISTA CON PUÑO DE CARNAZA (A182RGL)', '80.04', '\"GUANTE DE PIEL CON PUÑO DE CARNAZA\nCLAVE A182RGL\"', '4');

INSERT INTO `actividad_segura`.`talla_numerica` (`id`, `talla`) VALUES ('33', 'No tiene');
INSERT INTO `actividad_segura`.`talla_numerica` (`id`, `talla`) VALUES ('1', '22');
INSERT INTO `actividad_segura`.`talla_numerica` (`id`, `talla`) VALUES ('2', '22.5');
INSERT INTO `actividad_segura`.`talla_numerica` (`id`, `talla`) VALUES ('3', '23');
INSERT INTO `actividad_segura`.`talla_numerica` (`id`, `talla`) VALUES ('4', '23.5');
INSERT INTO `actividad_segura`.`talla_numerica` (`id`, `talla`) VALUES ('5', '24');
INSERT INTO `actividad_segura`.`talla_numerica` (`id`, `talla`) VALUES ('6', '24.5');
INSERT INTO `actividad_segura`.`talla_numerica` (`id`, `talla`) VALUES ('7', '25');
INSERT INTO `actividad_segura`.`talla_numerica` (`id`, `talla`) VALUES ('8', '25.5');
INSERT INTO `actividad_segura`.`talla_numerica` (`id`, `talla`) VALUES ('9', '26');
INSERT INTO `actividad_segura`.`talla_numerica` (`id`, `talla`) VALUES ('10', '26.5');
INSERT INTO `actividad_segura`.`talla_numerica` (`id`, `talla`) VALUES ('11', '27');
INSERT INTO `actividad_segura`.`talla_numerica` (`id`, `talla`) VALUES ('12', '27.5');
INSERT INTO `actividad_segura`.`talla_numerica` (`id`, `talla`) VALUES ('13', '28');
INSERT INTO `actividad_segura`.`talla_numerica` (`id`, `talla`) VALUES ('14', '28.5');
INSERT INTO `actividad_segura`.`talla_numerica` (`id`, `talla`) VALUES ('15', '29');
INSERT INTO `actividad_segura`.`talla_numerica` (`id`, `talla`) VALUES ('16', '29.5');
INSERT INTO `actividad_segura`.`talla_numerica` (`id`, `talla`) VALUES ('17', '30');
INSERT INTO `actividad_segura`.`talla_numerica` (`id`, `talla`) VALUES ('18', '31');
INSERT INTO `actividad_segura`.`talla_numerica` (`id`, `talla`) VALUES ('19', '32');
INSERT INTO `actividad_segura`.`talla_numerica` (`id`, `talla`) VALUES ('20', '33');
INSERT INTO `actividad_segura`.`talla_numerica` (`id`, `talla`) VALUES ('21', '34');
INSERT INTO `actividad_segura`.`talla_numerica` (`id`, `talla`) VALUES ('22', '35');
INSERT INTO `actividad_segura`.`talla_numerica` (`id`, `talla`) VALUES ('23', '36');
INSERT INTO `actividad_segura`.`talla_numerica` (`id`, `talla`) VALUES ('24', '37');
INSERT INTO `actividad_segura`.`talla_numerica` (`id`, `talla`) VALUES ('25', '38');
INSERT INTO `actividad_segura`.`talla_numerica` (`id`, `talla`) VALUES ('26', '39');
INSERT INTO `actividad_segura`.`talla_numerica` (`id`, `talla`) VALUES ('27', '40');
INSERT INTO `actividad_segura`.`talla_numerica` (`id`, `talla`) VALUES ('28', '41');
INSERT INTO `actividad_segura`.`talla_numerica` (`id`, `talla`) VALUES ('29', '42');
INSERT INTO `actividad_segura`.`talla_numerica` (`id`, `talla`) VALUES ('30', '43');
INSERT INTO `actividad_segura`.`talla_numerica` (`id`, `talla`) VALUES ('31', '44');
INSERT INTO `actividad_segura`.`talla_numerica` (`id`, `talla`) VALUES ('32', '45');

INSERT INTO `actividad_segura`.`talla_ropa` (`id`, `talla`) VALUES ('7', 'No tiene');
INSERT INTO `actividad_segura`.`talla_ropa` (`id`, `talla`) VALUES ('1', 'XS');
INSERT INTO `actividad_segura`.`talla_ropa` (`id`, `talla`) VALUES ('2', 'S');
INSERT INTO `actividad_segura`.`talla_ropa` (`id`, `talla`) VALUES ('3', 'M');
INSERT INTO `actividad_segura`.`talla_ropa` (`id`, `talla`) VALUES ('4', 'G');
INSERT INTO `actividad_segura`.`talla_ropa` (`id`, `talla`) VALUES ('5', 'XL');
INSERT INTO `actividad_segura`.`talla_ropa` (`id`, `talla`) VALUES ('6', 'XXL');


INSERT INTO `actividad_segura`.`colores` (`id`, `color`) VALUES ('17', 'No tiene');
INSERT INTO `actividad_segura`.`colores` (`id`, `color`) VALUES ('1', 'Blanco');
INSERT INTO `actividad_segura`.`colores` (`id`, `color`) VALUES ('2', 'Negro');
INSERT INTO `actividad_segura`.`colores` (`id`, `color`) VALUES ('3', 'Gris');
INSERT INTO `actividad_segura`.`colores` (`id`, `color`) VALUES ('4', 'Rojo');
INSERT INTO `actividad_segura`.`colores` (`id`, `color`) VALUES ('5', 'Azul');
INSERT INTO `actividad_segura`.`colores` (`id`, `color`) VALUES ('6', 'Amarillo');
INSERT INTO `actividad_segura`.`colores` (`id`, `color`) VALUES ('7', 'Verde');
INSERT INTO `actividad_segura`.`colores` (`id`, `color`) VALUES ('8', 'Naranja');
INSERT INTO `actividad_segura`.`colores` (`id`, `color`) VALUES ('9', 'Rosa');
INSERT INTO `actividad_segura`.`colores` (`id`, `color`) VALUES ('10', 'Morado');
INSERT INTO `actividad_segura`.`colores` (`id`, `color`) VALUES ('11', 'Marrón');
INSERT INTO `actividad_segura`.`colores` (`id`, `color`) VALUES ('12', 'Beige');
INSERT INTO `actividad_segura`.`colores` (`id`, `color`) VALUES ('13', 'Celeste');
INSERT INTO `actividad_segura`.`colores` (`id`, `color`) VALUES ('14', 'Turquesa');
INSERT INTO `actividad_segura`.`colores` (`id`, `color`) VALUES ('15', 'Dorado');
INSERT INTO `actividad_segura`.`colores` (`id`, `color`) VALUES ('16', 'Plateado');


INSERT INTO `actividad_segura`.`articulos` (`id`, `producto`, `cantidad`, `talla_numerica`, `talla_ropa`, `color`) VALUES ('ART1', '20001', '100', '7', '7', '17');
INSERT INTO `actividad_segura`.`articulos` (`id`, `producto`, `cantidad`, `talla_numerica`, `talla_ropa`, `color`) VALUES ('ART2', '20002', '100', '33', '7', '17');
INSERT INTO `actividad_segura`.`articulos` (`id`, `producto`, `cantidad`, `talla_numerica`, `talla_ropa`, `color`) VALUES ('ART3', '20003', '100', '33', '7', '17');
INSERT INTO `actividad_segura`.`articulos` (`id`, `producto`, `cantidad`, `talla_numerica`, `talla_ropa`, `color`) VALUES ('ART4', '20004', '100', '33', '7', '17');
INSERT INTO `actividad_segura`.`articulos` (`id`, `producto`, `cantidad`, `talla_numerica`, `talla_ropa`, `color`) VALUES ('ART5', '20005', '100', '33', '7', '17');
INSERT INTO `actividad_segura`.`articulos` (`id`, `producto`, `cantidad`, `talla_numerica`, `talla_ropa`, `color`) VALUES ('ART6', '20006', '100', '33', '7', '17');
INSERT INTO `actividad_segura`.`articulos` (`id`, `producto`, `cantidad`, `talla_numerica`, `talla_ropa`, `color`) VALUES ('ART7', '20007', '100', '33', '7', '17');
INSERT INTO `actividad_segura`.`articulos` (`id`, `producto`, `cantidad`, `talla_numerica`, `talla_ropa`, `color`) VALUES ('ART8', '20009', '100', '33', '5', '5');
INSERT INTO `actividad_segura`.`articulos` (`id`, `producto`, `cantidad`, `talla_numerica`, `talla_ropa`, `color`) VALUES ('ART9', '20009', '100', '33', '6', '5');
INSERT INTO `actividad_segura`.`articulos` (`id`, `producto`, `cantidad`, `talla_numerica`, `talla_ropa`, `color`) VALUES ('ART10', '20010', '100', '33', '2', '5');
INSERT INTO `actividad_segura`.`articulos` (`id`, `producto`, `cantidad`, `talla_numerica`, `talla_ropa`, `color`) VALUES ('ART11', '20010', '100', '33', '3', '5');
INSERT INTO `actividad_segura`.`articulos` (`id`, `producto`, `cantidad`, `talla_numerica`, `talla_ropa`, `color`) VALUES ('ART12', '20010', '100', '33', '4', '5');
INSERT INTO `actividad_segura`.`articulos` (`id`, `producto`, `cantidad`, `talla_numerica`, `talla_ropa`, `color`) VALUES ('ART13', '20011', '100', '33', '7', '17');
INSERT INTO `actividad_segura`.`articulos` (`id`, `producto`, `cantidad`, `talla_numerica`, `talla_ropa`, `color`) VALUES ('ART14', '20012', '100', '33', '7', '17');
INSERT INTO `actividad_segura`.`articulos` (`id`, `producto`, `cantidad`, `talla_numerica`, `talla_ropa`, `color`) VALUES ('ART15', '20013', '100', '33', '7', '17');
INSERT INTO `actividad_segura`.`articulos` (`id`, `producto`, `cantidad`, `talla_numerica`, `talla_ropa`, `color`) VALUES ('ART16', '20014', '100', '33', '7', '17');
INSERT INTO `actividad_segura`.`articulos` (`id`, `producto`, `cantidad`, `talla_numerica`, `talla_ropa`, `color`) VALUES ('ART17', '20015', '100', '33', '7', '17');
INSERT INTO `actividad_segura`.`articulos` (`id`, `producto`, `cantidad`, `talla_numerica`, `talla_ropa`, `color`) VALUES ('ART18', '20016', '100', '33', '7', '17');
INSERT INTO `actividad_segura`.`articulos` (`id`, `producto`, `cantidad`, `talla_numerica`, `talla_ropa`, `color`) VALUES ('ART19', '20017', '100', '33', '7', '17');
INSERT INTO `actividad_segura`.`articulos` (`id`, `producto`, `cantidad`, `talla_numerica`, `talla_ropa`, `color`) VALUES ('ART20', '20018', '100', '33', '7', '17');
INSERT INTO `actividad_segura`.`articulos` (`id`, `producto`, `cantidad`, `talla_numerica`, `talla_ropa`, `color`) VALUES ('ART21', '20019', '100', '33', '7', '4');
INSERT INTO `actividad_segura`.`articulos` (`id`, `producto`, `cantidad`, `talla_numerica`, `talla_ropa`, `color`) VALUES ('ART22', '20019', '100', '33', '7', '5');
INSERT INTO `actividad_segura`.`articulos` (`id`, `producto`, `cantidad`, `talla_numerica`, `talla_ropa`, `color`) VALUES ('ART23', '20019', '100', '33', '7', '6');
INSERT INTO `actividad_segura`.`articulos` (`id`, `producto`, `cantidad`, `talla_numerica`, `talla_ropa`, `color`) VALUES ('ART24', '20019', '100', '33', '7', '7');
INSERT INTO `actividad_segura`.`articulos` (`id`, `producto`, `cantidad`, `talla_numerica`, `talla_ropa`, `color`) VALUES ('ART25', '20019', '100', '33', '7', '8');
INSERT INTO `actividad_segura`.`articulos` (`id`, `producto`, `cantidad`, `talla_numerica`, `talla_ropa`, `color`) VALUES ('ART26', '20024', '100', '33', '7', '1');
INSERT INTO `actividad_segura`.`articulos` (`id`, `producto`, `cantidad`, `talla_numerica`, `talla_ropa`, `color`) VALUES ('ART27', '20024', '100', '33', '7', '4');
INSERT INTO `actividad_segura`.`articulos` (`id`, `producto`, `cantidad`, `talla_numerica`, `talla_ropa`, `color`) VALUES ('ART28', '20024', '100', '33', '7', '7');
INSERT INTO `actividad_segura`.`articulos` (`id`, `producto`, `cantidad`, `talla_numerica`, `talla_ropa`, `color`) VALUES ('ART29', '20027', '100', '33', '7', '1');
INSERT INTO `actividad_segura`.`articulos` (`id`, `producto`, `cantidad`, `talla_numerica`, `talla_ropa`, `color`) VALUES ('ART30', '20027', '100', '33', '7', '6');
INSERT INTO `actividad_segura`.`articulos` (`id`, `producto`, `cantidad`, `talla_numerica`, `talla_ropa`, `color`) VALUES ('ART31', '20028', '100', '33', '7', '17');
INSERT INTO `actividad_segura`.`articulos` (`id`, `producto`, `cantidad`, `talla_numerica`, `talla_ropa`, `color`) VALUES ('ART32', '20029', '100', '21', '7', '17');
INSERT INTO `actividad_segura`.`articulos` (`id`, `producto`, `cantidad`, `talla_numerica`, `talla_ropa`, `color`) VALUES ('ART33', '20030', '100', '33', '7', '17');
INSERT INTO `actividad_segura`.`articulos` (`id`, `producto`, `cantidad`, `talla_numerica`, `talla_ropa`, `color`) VALUES ('ART34', '20024', '100', '33', '7', '6');
INSERT INTO `actividad_segura`.`articulos` (`id`, `producto`, `cantidad`, `talla_numerica`, `talla_ropa`, `color`) VALUES ('ART35', '20032', '100', '33', '7', '17');
INSERT INTO `actividad_segura`.`articulos` (`id`, `producto`, `cantidad`, `talla_numerica`, `talla_ropa`, `color`) VALUES ('ART36', '20033', '100', '33', '7', '17');
INSERT INTO `actividad_segura`.`articulos` (`id`, `producto`, `cantidad`, `talla_numerica`, `talla_ropa`, `color`) VALUES ('ART37', '20001', '100', '9', '7', '17');
INSERT INTO `actividad_segura`.`articulos` (`id`, `producto`, `cantidad`, `talla_numerica`, `talla_ropa`, `color`) VALUES ('ART38', '20001', '100', '11', '7', '17');
INSERT INTO `actividad_segura`.`articulos` (`id`, `producto`, `cantidad`, `talla_numerica`, `talla_ropa`, `color`) VALUES ('ART39', '20001', '100', '13', '7', '17');
INSERT INTO `actividad_segura`.`articulos` (`id`, `producto`, `cantidad`, `talla_numerica`, `talla_ropa`, `color`) VALUES ('ART40', '20001', '100', '15', '7', '17');
INSERT INTO `actividad_segura`.`articulos` (`id`, `producto`, `cantidad`, `talla_numerica`, `talla_ropa`, `color`) VALUES ('ART41', '20001', '100', '17', '7', '17');
INSERT INTO `actividad_segura`.`articulos` (`id`, `producto`, `cantidad`, `talla_numerica`, `talla_ropa`, `color`) VALUES ('ART42', '20034', '100', '33', '7', '17');
INSERT INTO `actividad_segura`.`articulos` (`id`, `producto`, `cantidad`, `talla_numerica`, `talla_ropa`, `color`) VALUES ('ART43', '20036', '100', '33', '7', '17');
INSERT INTO `actividad_segura`.`articulos` (`id`, `producto`, `cantidad`, `talla_numerica`, `talla_ropa`, `color`) VALUES ('ART44', '20037', '100', '33', '7', '17');
INSERT INTO `actividad_segura`.`articulos` (`id`, `producto`, `cantidad`, `talla_numerica`, `talla_ropa`, `color`) VALUES ('ART45', '20038', '100', '1', '7', '17');
INSERT INTO `actividad_segura`.`articulos` (`id`, `producto`, `cantidad`, `talla_numerica`, `talla_ropa`, `color`) VALUES ('ART46', '20038', '100', '3', '7', '17');
INSERT INTO `actividad_segura`.`articulos` (`id`, `producto`, `cantidad`, `talla_numerica`, `talla_ropa`, `color`) VALUES ('ART47', '20038', '100', '5', '7', '17');
INSERT INTO `actividad_segura`.`articulos` (`id`, `producto`, `cantidad`, `talla_numerica`, `talla_ropa`, `color`) VALUES ('ART48', '20038', '100', '7', '7', '17');
INSERT INTO `actividad_segura`.`articulos` (`id`, `producto`, `cantidad`, `talla_numerica`, `talla_ropa`, `color`) VALUES ('ART49', '20038', '100', '9', '7', '17');
INSERT INTO `actividad_segura`.`articulos` (`id`, `producto`, `cantidad`, `talla_numerica`, `talla_ropa`, `color`) VALUES ('ART50', '20038', '100', '11', '7', '17');
INSERT INTO `actividad_segura`.`articulos` (`id`, `producto`, `cantidad`, `talla_numerica`, `talla_ropa`, `color`) VALUES ('ART51', '20038', '100', '13', '7', '17');
INSERT INTO `actividad_segura`.`articulos` (`id`, `producto`, `cantidad`, `talla_numerica`, `talla_ropa`, `color`) VALUES ('ART52', '20038', '100', '15', '7', '17');
INSERT INTO `actividad_segura`.`articulos` (`id`, `producto`, `cantidad`, `talla_numerica`, `talla_ropa`, `color`) VALUES ('ART53', '20038', '100', '17', '7', '17');
INSERT INTO `actividad_segura`.`articulos` (`id`, `producto`, `cantidad`, `talla_numerica`, `talla_ropa`, `color`) VALUES ('ART54', '20046', '100', '33', '7', '17');
INSERT INTO `actividad_segura`.`articulos` (`id`, `producto`, `cantidad`, `talla_numerica`, `talla_ropa`, `color`) VALUES ('ART55', '20038', '100', '18', '7', '17');
INSERT INTO `actividad_segura`.`articulos` (`id`, `producto`, `cantidad`, `talla_numerica`, `talla_ropa`, `color`) VALUES ('ART56', '20038', '100', '19', '7', '17');
INSERT INTO `actividad_segura`.`articulos` (`id`, `producto`, `cantidad`, `talla_numerica`, `talla_ropa`, `color`) VALUES ('ART57', '20048', '100', '7', '7', '17');
INSERT INTO `actividad_segura`.`articulos` (`id`, `producto`, `cantidad`, `talla_numerica`, `talla_ropa`, `color`) VALUES ('ART58', '20049', '100', '9', '7', '17');
INSERT INTO `actividad_segura`.`articulos` (`id`, `producto`, `cantidad`, `talla_numerica`, `talla_ropa`, `color`) VALUES ('ART59', '20049', '100', '11', '7', '17');
INSERT INTO `actividad_segura`.`articulos` (`id`, `producto`, `cantidad`, `talla_numerica`, `talla_ropa`, `color`) VALUES ('ART60', '20049', '100', '13', '7', '17');
INSERT INTO `actividad_segura`.`articulos` (`id`, `producto`, `cantidad`, `talla_numerica`, `talla_ropa`, `color`) VALUES ('ART61', '20049', '100', '15', '7', '17');
INSERT INTO `actividad_segura`.`articulos` (`id`, `producto`, `cantidad`, `talla_numerica`, `talla_ropa`, `color`) VALUES ('ART62', '20049', '100', '17', '7', '17');
INSERT INTO `actividad_segura`.`articulos` (`id`, `producto`, `cantidad`, `talla_numerica`, `talla_ropa`, `color`) VALUES ('ART63', '20049', '100', '33', '7', '17');
INSERT INTO `actividad_segura`.`articulos` (`id`, `producto`, `cantidad`, `talla_numerica`, `talla_ropa`, `color`) VALUES ('ART64', '20050', '100', '17', '7', '17');
INSERT INTO `actividad_segura`.`articulos` (`id`, `producto`, `cantidad`, `talla_numerica`, `talla_ropa`, `color`) VALUES ('ART65', '20050', '100', '18', '7', '17');
INSERT INTO `actividad_segura`.`articulos` (`id`, `producto`, `cantidad`, `talla_numerica`, `talla_ropa`, `color`) VALUES ('ART66', '20050', '100', '19', '7', '17');
INSERT INTO `actividad_segura`.`articulos` (`id`, `producto`, `cantidad`, `talla_numerica`, `talla_ropa`, `color`) VALUES ('ART67', '20050', '100', '20', '7', '17');
INSERT INTO `actividad_segura`.`articulos` (`id`, `producto`, `cantidad`, `talla_numerica`, `talla_ropa`, `color`) VALUES ('ART68', '20050', '100', '21', '7', '17');
INSERT INTO `actividad_segura`.`articulos` (`id`, `producto`, `cantidad`, `talla_numerica`, `talla_ropa`, `color`) VALUES ('ART69', '20050', '100', '22', '7', '17');
INSERT INTO `actividad_segura`.`articulos` (`id`, `producto`, `cantidad`, `talla_numerica`, `talla_ropa`, `color`) VALUES ('ART70', '20050', '100', '23', '7', '17');
INSERT INTO `actividad_segura`.`articulos` (`id`, `producto`, `cantidad`, `talla_numerica`, `talla_ropa`, `color`) VALUES ('ART71', '20050', '100', '24', '7', '17');
INSERT INTO `actividad_segura`.`articulos` (`id`, `producto`, `cantidad`, `talla_numerica`, `talla_ropa`, `color`) VALUES ('ART72', '20050', '100', '25', '7', '17');
INSERT INTO `actividad_segura`.`articulos` (`id`, `producto`, `cantidad`, `talla_numerica`, `talla_ropa`, `color`) VALUES ('ART73', '20050', '100', '26', '7', '17');
INSERT INTO `actividad_segura`.`articulos` (`id`, `producto`, `cantidad`, `talla_numerica`, `talla_ropa`, `color`) VALUES ('ART74', '20050', '100', '27', '7', '17');
INSERT INTO `actividad_segura`.`articulos` (`id`, `producto`, `cantidad`, `talla_numerica`, `talla_ropa`, `color`) VALUES ('ART75', '20050', '100', '28', '7', '17');
INSERT INTO `actividad_segura`.`articulos` (`id`, `producto`, `cantidad`, `talla_numerica`, `talla_ropa`, `color`) VALUES ('ART76', '20050', '100', '29', '7', '17');
INSERT INTO `actividad_segura`.`articulos` (`id`, `producto`, `cantidad`, `talla_numerica`, `talla_ropa`, `color`) VALUES ('ART77', '20057', '100', '7', '7', '17');
INSERT INTO `actividad_segura`.`articulos` (`id`, `producto`, `cantidad`, `talla_numerica`, `talla_ropa`, `color`) VALUES ('ART78', '20057', '100', '9', '7', '17');
INSERT INTO `actividad_segura`.`articulos` (`id`, `producto`, `cantidad`, `talla_numerica`, `talla_ropa`, `color`) VALUES ('ART79', '20057', '100', '11', '7', '17');
INSERT INTO `actividad_segura`.`articulos` (`id`, `producto`, `cantidad`, `talla_numerica`, `talla_ropa`, `color`) VALUES ('ART80', '20057', '100', '13', '7', '17');
INSERT INTO `actividad_segura`.`articulos` (`id`, `producto`, `cantidad`, `talla_numerica`, `talla_ropa`, `color`) VALUES ('ART81', '20057', '100', '15', '7', '17');
INSERT INTO `actividad_segura`.`articulos` (`id`, `producto`, `cantidad`, `talla_numerica`, `talla_ropa`, `color`) VALUES ('ART82', '20057', '100', '17', '7', '17');
INSERT INTO `actividad_segura`.`articulos` (`id`, `producto`, `cantidad`, `talla_numerica`, `talla_ropa`, `color`) VALUES ('ART83', '20061', '100', '33', '7', '17');
INSERT INTO `actividad_segura`.`articulos` (`id`, `producto`, `cantidad`, `talla_numerica`, `talla_ropa`, `color`) VALUES ('ART84', '20062', '100', '33', '7', '17');
INSERT INTO `actividad_segura`.`articulos` (`id`, `producto`, `cantidad`, `talla_numerica`, `talla_ropa`, `color`) VALUES ('ART85', '20064', '100', '33', '7', '17');
INSERT INTO `actividad_segura`.`articulos` (`id`, `producto`, `cantidad`, `talla_numerica`, `talla_ropa`, `color`) VALUES ('ART86', '20066', '100', '3', '7', '17');
INSERT INTO `actividad_segura`.`articulos` (`id`, `producto`, `cantidad`, `talla_numerica`, `talla_ropa`, `color`) VALUES ('ART87', '20066', '100', '5', '7', '17');
INSERT INTO `actividad_segura`.`articulos` (`id`, `producto`, `cantidad`, `talla_numerica`, `talla_ropa`, `color`) VALUES ('ART88', '20066', '100', '7', '7', '17');
INSERT INTO `actividad_segura`.`articulos` (`id`, `producto`, `cantidad`, `talla_numerica`, `talla_ropa`, `color`) VALUES ('ART89', '20066', '100', '9', '7', '17');
INSERT INTO `actividad_segura`.`articulos` (`id`, `producto`, `cantidad`, `talla_numerica`, `talla_ropa`, `color`) VALUES ('ART90', '20066', '100', '11', '7', '17');
INSERT INTO `actividad_segura`.`articulos` (`id`, `producto`, `cantidad`, `talla_numerica`, `talla_ropa`, `color`) VALUES ('ART91', '20067', '100', '3', '7', '17');
INSERT INTO `actividad_segura`.`articulos` (`id`, `producto`, `cantidad`, `talla_numerica`, `talla_ropa`, `color`) VALUES ('ART92', '20067', '100', '5', '7', '17');
INSERT INTO `actividad_segura`.`articulos` (`id`, `producto`, `cantidad`, `talla_numerica`, `talla_ropa`, `color`) VALUES ('ART93', '20067', '100', '7', '7', '17');
INSERT INTO `actividad_segura`.`articulos` (`id`, `producto`, `cantidad`, `talla_numerica`, `talla_ropa`, `color`) VALUES ('ART94', '20067', '100', '9', '7', '17');
INSERT INTO `actividad_segura`.`articulos` (`id`, `producto`, `cantidad`, `talla_numerica`, `talla_ropa`, `color`) VALUES ('ART95', '20067', '100', '11', '7', '17');
INSERT INTO `actividad_segura`.`articulos` (`id`, `producto`, `cantidad`, `talla_numerica`, `talla_ropa`, `color`) VALUES ('ART96', '20067', '100', '13', '7', '17');
INSERT INTO `actividad_segura`.`articulos` (`id`, `producto`, `cantidad`, `talla_numerica`, `talla_ropa`, `color`) VALUES ('ART97', '20067', '100', '15', '7', '17');
INSERT INTO `actividad_segura`.`articulos` (`id`, `producto`, `cantidad`, `talla_numerica`, `talla_ropa`, `color`) VALUES ('ART98', '20080', '100', '33', '7', '17');
INSERT INTO `actividad_segura`.`articulos` (`id`, `producto`, `cantidad`, `talla_numerica`, `talla_ropa`, `color`) VALUES ('ART99', '20077', '100', '7', '7', '17');
INSERT INTO `actividad_segura`.`articulos` (`id`, `producto`, `cantidad`, `talla_numerica`, `talla_ropa`, `color`) VALUES ('ART100', '20077', '100', '9', '7', '17');
INSERT INTO `actividad_segura`.`articulos` (`id`, `producto`, `cantidad`, `talla_numerica`, `talla_ropa`, `color`) VALUES ('ART101', '20077', '100', '11', '7', '17');
INSERT INTO `actividad_segura`.`articulos` (`id`, `producto`, `cantidad`, `talla_numerica`, `talla_ropa`, `color`) VALUES ('ART102', '20077', '100', '13', '7', '17');
INSERT INTO `actividad_segura`.`articulos` (`id`, `producto`, `cantidad`, `talla_numerica`, `talla_ropa`, `color`) VALUES ('ART103', '20077', '100', '15', '7', '17');


INSERT INTO `actividad_segura`.`usuarios` (`id`,`tipo`,`nombre`, `apellido`, `email`, `contraseña`) VALUES ('1' ,'normal','Juan', 'Pérez', 'juan.perez@example.com', '123456');
INSERT INTO `actividad_segura`.`usuarios` (`id`,`tipo`,`nombre`, `apellido`, `email`, `contraseña`) VALUES ('2' ,'normal','María', 'López', 'maria.lopez@example.com', '987654');
INSERT INTO `actividad_segura`.`usuarios` (`id`,`tipo`,`nombre`, `apellido`, `email`, `contraseña`) VALUES ('3' ,'normal','Carlos', 'García', 'carlos.garcia@example.com', '567890');
INSERT INTO `actividad_segura`.`usuarios` (`id`,`tipo`,`nombre`, `apellido`, `email`, `contraseña`) VALUES ('4' ,'normal','Laura', 'Rodríguez', 'laura.rodriguez@example.com', '432109');
INSERT INTO `actividad_segura`.`usuarios` (`id`,`tipo`,`nombre`, `apellido`, `email`, `contraseña`) VALUES ('5' ,'normal','Alejandro', 'González', 'alejandro.gonzalez@example.com', '876543');
INSERT INTO `actividad_segura`.`usuarios` (`id`,`tipo`,`nombre`, `apellido`, `email`, `contraseña`) VALUES ('6' ,'normal','Ana', 'Hernández', 'ana.hernandez@example.com', '210987');
INSERT INTO `actividad_segura`.`usuarios` (`id`,`tipo`,`nombre`, `apellido`, `email`, `contraseña`) VALUES ('7' ,'normal','Roberto', 'Martínez', 'roberto.martinez@example.com', '654321');
INSERT INTO `actividad_segura`.`usuarios` (`id`,`tipo`,`nombre`, `apellido`, `email`, `contraseña`) VALUES ('8' ,'normal','Sandra', 'Sánchez', 'sandra.sanchez@example.com', '890123');
INSERT INTO `actividad_segura`.`usuarios` (`id`,`tipo`,`nombre`, `apellido`, `email`, `contraseña`) VALUES ('9' ,'normal','Diego', 'Torres', 'diego.torres@example.com', '321098');
INSERT INTO `actividad_segura`.`usuarios` (`id`,`tipo`,`nombre`, `apellido`, `email`, `contraseña`) VALUES ('10','normal','Patricia', 'Ramírez', 'patricia.ramirez@example.com', '765432');
INSERT INTO `actividad_segura`.`usuarios` (`id`,`tipo`,`nombre`, `apellido`, `email`, `contraseña`) VALUES ('11','normal','Pedro', 'Morales', 'pedro.morales@example.com', '109876');
INSERT INTO `actividad_segura`.`usuarios` (`id`,`tipo`,`nombre`, `apellido`, `email`, `contraseña`) VALUES ('12','normal','Laura', 'Castro', 'laura.castro@example.com', '234567');
INSERT INTO `actividad_segura`.`usuarios` (`id`,`tipo`,`nombre`, `apellido`, `email`, `contraseña`) VALUES ('13','normal','Alejandro', 'Navarro', 'alejandro.navarro@example.com', '678901');
INSERT INTO `actividad_segura`.`usuarios` (`id`,`tipo`,`nombre`, `apellido`, `email`, `contraseña`) VALUES ('14','normal','Natalia', 'Ríos', 'natalia.rios@example.com', '321456');
INSERT INTO `actividad_segura`.`usuarios` (`id`,`tipo`,`nombre`, `apellido`, `email`, `contraseña`) VALUES ('15','normal','Gabriel', 'Ortega', 'gabriel.ortega@example.com', '765432');
INSERT INTO `actividad_segura`.`usuarios` (`id`,`tipo`,`nombre`, `apellido`, `email`, `contraseña`) VALUES ('16','normal','Andrea', 'Silva', 'andrea.silva@example.com', '109876');
INSERT INTO `actividad_segura`.`usuarios` (`id`,`tipo`,`nombre`, `apellido`, `email`, `contraseña`) VALUES ('17','normal','José', 'Figueroa', 'jose.figueroa@example.com', '234567');
INSERT INTO `actividad_segura`.`usuarios` (`id`,`tipo`,`nombre`, `apellido`, `email`, `contraseña`) VALUES ('18','normal','Carolina', 'Paredes', 'carolina.paredes@example.com', '678901');
INSERT INTO `actividad_segura`.`usuarios` (`id`,`tipo`,`nombre`, `apellido`, `email`, `contraseña`) VALUES ('19','normal','Luis', 'Mendoza', 'luis.mendoza@example.com', '321456');
INSERT INTO `actividad_segura`.`usuarios` (`id`,`tipo`,`nombre`, `apellido`, `email`, `contraseña`) VALUES ('20','normal','Ana', 'Vargas', 'ana.vargas@example.com', '765432');
INSERT INTO `actividad_segura`.`usuarios` (`id`,`tipo`,`nombre`, `apellido`, `email`, `contraseña`) VALUES ('21','normal','Francisco', 'Valenzuela', 'francisco.valenzuela@example.com', '109876');
INSERT INTO `actividad_segura`.`usuarios` (`id`,`tipo`,`nombre`, `apellido`, `email`, `contraseña`) VALUES ('22','normal','Gabriela', 'Molina', 'gabriela.molina@example.com', '234567');
INSERT INTO `actividad_segura`.`usuarios` (`id`,`tipo`,`nombre`, `apellido`, `email`, `contraseña`) VALUES ('23','normal','Diego', 'Rojas', 'diego.rojas@example.com', '678901');
INSERT INTO `actividad_segura`.`usuarios` (`id`,`tipo`,`nombre`, `apellido`, `email`, `contraseña`) VALUES ('24','normal','Paula', 'Araya', 'paula.araya@example.com', '321456');
INSERT INTO `actividad_segura`.`usuarios` (`id`,`tipo`,`nombre`, `apellido`, `email`, `contraseña`) VALUES ('25','normal','Sebastián', 'Cortés', 'sebastian.cortes@example.com', '765432');
INSERT INTO `actividad_segura`.`usuarios` (`id`,`tipo`,`nombre`, `apellido`, `email`, `contraseña`) VALUES ('26','normal','Camila', 'Pizarro', 'camila.pizarro@example.com', '109876');
INSERT INTO `actividad_segura`.`usuarios` (`id`,`tipo`,`nombre`, `apellido`, `email`, `contraseña`) VALUES ('27','normal','Javier', 'Escobar', 'javier.escobar@example.com', '234567');
INSERT INTO `actividad_segura`.`usuarios` (`id`,`tipo`,`nombre`, `apellido`, `email`, `contraseña`) VALUES ('28','normal','Valentina', 'Guzmán', 'valentina.guzman@example.com', '678901');
INSERT INTO `actividad_segura`.`usuarios` (`id`,`tipo`,`nombre`, `apellido`, `email`, `contraseña`) VALUES ('29','normal','Cristian', 'Orellana', 'cristian.orellana@example.com', '321456');
INSERT INTO `actividad_segura`.`usuarios` (`id`,`tipo`,`nombre`, `apellido`, `email`, `contraseña`) VALUES ('30','normal','Isabella', 'Méndez', 'isabella.mendez@example.com', '765432');
INSERT INTO `actividad_segura`.`usuarios` (`id`,`tipo`,`nombre`, `apellido`, `email`, `contraseña`) VALUES ('31','normal','Eduardo', 'Cáceres', 'eduardo.caceres@example.com', '109876');
INSERT INTO `actividad_segura`.`usuarios` (`id`,`tipo`,`nombre`, `apellido`, `email`, `contraseña`) VALUES ('32','normal','Sofía', 'Miranda', 'sofia.miranda@example.com', '234567');
